{"cameraMode":{"drawMode":0,"name":"Shaded","section":"Shading Mode"},"sceneLighting":true,"audioPlay":false,"sceneViewState":{"m_AlwaysRefresh":false,"showFog":true,"showSkybox":true,"showFlares":true,"showImageEffects":true,"showParticleSystems":true,"showVisualEffectGraphs":true,"m_FxEnabled":true},"in2DMode":false,"pivot":{"x":6.112386226654053,"y":24.566272735595704,"z":-20.42172622680664},"rotation":{"x":0.33787959814071658,"y":0.24423548579216004,"z":0.09164555370807648,"w":-0.9051395058631897},"size":10.02403450012207,"orthographic":false}