{"cameraMode":{"drawMode":0,"name":"Shaded","section":"Shading Mode"},"sceneLighting":true,"audioPlay":false,"sceneViewState":{"m_AlwaysRefresh":false,"showFog":true,"showSkybox":true,"showFlares":true,"showImageEffects":true,"showParticleSystems":true,"showVisualEffectGraphs":true,"m_FxEnabled":true},"in2DMode":false,"pivot":{"x":-3.1411399841308595,"y":8.262310028076172,"z":0.8624533414840698},"rotation":{"x":-0.20614628493785859,"y":-0.048993535339832309,"z":0.010339594446122647,"w":-0.9772507548332214},"size":0.9700625538825989,"orthographic":false}