{"cameraMode":{"drawMode":0,"name":"Shaded","section":"Shading Mode"},"sceneLighting":true,"audioPlay":false,"sceneViewState":{"m_AlwaysRefresh":false,"showFog":true,"showSkybox":true,"showFlares":true,"showImageEffects":true,"showParticleSystems":true,"showVisualEffectGraphs":true,"m_FxEnabled":true},"in2DMode":false,"pivot":{"x":20.104280471801759,"y":42.89419937133789,"z":-6.595200538635254},"rotation":{"x":-0.048414990305900577,"y":0.8285536170005798,"z":0.06844926625490189,"w":0.5563699007034302},"size":21.410314559936525,"orthographic":false}