{"cameraMode":{"drawMode":0,"name":"Shaded","section":"Shading Mode"},"sceneLighting":true,"audioPlay":false,"sceneViewState":{"m_AlwaysRefresh":false,"showFog":true,"showSkybox":true,"showFlares":true,"showImageEffects":true,"showParticleSystems":true,"showVisualEffectGraphs":true,"m_FxEnabled":true},"in2DMode":false,"pivot":{"x":5.573118686676025,"y":27.2215518951416,"z":-0.15131503343582154},"rotation":{"x":-0.007889383472502232,"y":0.9638476371765137,"z":-0.26067957282066347,"w":-0.08164319396018982},"size":2.632336139678955,"orthographic":false}