{"cameraMode":{"drawMode":0,"name":"Shaded","section":"Shading Mode"},"sceneLighting":true,"audioPlay":false,"sceneViewState":{"m_AlwaysRefresh":false,"showFog":true,"showSkybox":true,"showFlares":true,"showImageEffects":true,"showParticleSystems":true,"showVisualEffectGraphs":true,"m_FxEnabled":true},"in2DMode":false,"pivot":{"x":6.027327537536621,"y":26.88567543029785,"z":-0.03857642412185669},"rotation":{"x":-0.009423037990927697,"y":0.9643712043762207,"z":-0.2562779486179352,"w":-0.08891913294792175},"size":2.3573553562164308,"orthographic":false}